probe_id,seq,p_start,ln,N,GC,Tm,self_any_th,self_end_th,hairpin,quality,target_taxon,target_taxon_full,p_start_group,blast_on_target_full_rate,blast_on_target_rate,off_target_full_qcovhsp_fraction,off_target_max_bitscore,off_target_max_gc,off_target_max_mch,off_target_max_mch_qcovhsp,off_target_max_mch_sort,off_target_max_tm,off_target_min_evalue,on_target_full_match,taxon_abundance,taxon_coverage,p_end,selection_method,off_target_superkingdom,off_target_phylum,off_target_class,off_target_order,off_target_family,off_target_genus,off_target_species,off_target_no rank,seqrcsa,quadg
2757,GTGGGTGATCTGCCCTACACT,58,21,0,57.14,55.556,17.79,0.0,43.07,5.444,1718,1718,0,1.0,1.0,0.0,16.4,5.0,8.0,38.0,8.0,28.05967395723212,2.2,1.0,1.0,1.0,78,AllSpecificPStartGroup,0,0,0,0,0,0,0,0,GTTAGTGTAGGGCAGATCACCCACCAC,0
3413,TGCCCTACACTTTGGGATAAGCC,68,23,0,52.17,56.50100000000001,0.0,0.0,42.51,6.499,1718,1718,1,1.0,1.0,0.0,14.4,5.0,7.0,30.0,7.0,18.64066086116071,10.0,1.0,1.0,1.0,90,AllSpecificPStartGroup,0,0,0,0,0,0,0,0,GGTGGCTTATCCCAAAGTGTAGGGCACTA,0
3000,CCTGCGGCCTATCAGCTTG,168,19,0,63.16,55.181,0.0,0.0,33.54,5.819,1718,1718,2,1.0,1.0,0.0,0.0,0.0,0.0,0.0,0.0,0.0,100.0,1.0,1.0,1.0,186,AllSpecificPStartGroup,0,0,0,0,0,0,0,0,GTTCAAGCTGATAGGCCGCAGGGAG,0
12,CCAAGGCGTCGACGGGTAGC,206,20,0,70.0,59.842,32.63,16.58,38.26,0.158,1718,1718,3,1.0,1.0,0.0,16.4,6.0,8.0,40.0,8.0,34.336233387644135,2.2,1.0,1.0,1.0,225,AllSpecificPStartGroup,0,0,0,0,0,0,0,0,GGCGCTACCCGTCGACGCCTTGGATC,0
2538,ACGAAGCCTTATGGTGACGGT,383,21,0,52.38,55.878,0.0,0.0,33.21,5.122000000000001,1718,1718,6,1.0,1.0,0.0,14.4,4.0,7.0,33.0,7.0,19.55810386664143,8.6,1.0,1.0,1.0,403,AllSpecificPStartGroup,0,0,0,0,0,0,0,0,CCAACCGTCACCATAAGGCTTCGTGGG,0
2798,GTTTGTCGCGTCGTCTGTGAAA,505,22,0,50.0,56.492,3.64,0.0,0.0,5.507999999999999,1718,1718,8,1.0,1.0,0.0,14.4,2.0,7.0,32.0,7.0,6.266435355022111,9.3,1.0,1.0,1.0,526,AllSpecificPStartGroup,0,0,0,0,0,0,0,0,CCTTTTCACAGACGACGCGACAAACGTG,0
3105,CAGGCGATACGGGCATAACTTGA,551,23,0,52.17,57.019,0.0,0.0,32.36,5.981,1718,1718,9,1.0,1.0,0.0,14.4,4.0,7.0,30.0,7.0,19.563638573577126,10.0,1.0,1.0,1.0,573,AllSpecificPStartGroup,0,0,0,0,0,0,0,0,GTGTCAAGTTATGCCCGTATCGCCTGGTG,0
754,AAGGCAGGTCTCTGGGCAGT,646,20,0,60.0,57.293,0.0,0.0,38.04,2.707,1718,1718,10,1.0,1.0,0.0,14.4,5.0,7.0,35.0,7.0,23.072966126318025,8.6,1.0,1.0,1.0,665,AllSpecificPStartGroup,0,0,0,0,0,0,0,0,CAAACTGCCCAGAGACCTGCCTTGCG,0
1126,GTAAACGGTGGGCGCTAGGT,730,20,0,60.0,56.707,5.51,0.0,0.0,3.293,1718,1718,12,1.0,1.0,0.0,14.4,6.0,7.0,35.0,7.0,33.80762059628796,8.6,1.0,1.0,1.0,749,AllSpecificPStartGroup,0,0,0,0,0,0,0,0,ATGACCTAGCGCCCACCGTTTACCCG,0
2434,ACGTTTTCCCTTGTGGTCGG,938,20,0,55.0,55.03100000000001,0.0,0.0,32.56,4.9689999999999985,1718,1718,15,1.0,1.0,0.0,14.4,5.0,7.0,35.0,7.0,23.064204671189323,8.6,1.0,1.0,1.0,957,AllSpecificPStartGroup,0,0,0,0,0,0,0,0,CTTCCGACCACAAGGGAAAACGTTAG,0
315,TGCCGGGGTTAACTCGGAGG,1077,20,0,65.0,58.139,26.66,16.66,42.62,1.861,1718,1718,17,1.0,1.0,0.0,14.4,4.0,7.0,35.0,7.0,17.450676730826785,8.6,1.0,1.0,1.0,1096,AllSpecificPStartGroup,0,0,0,0,0,0,0,0,GAACCTCCGAGTTAACCCCGGCACAG,0
62,ACAGCGAGTTGCCACACCGT,1166,20,0,60.0,59.21,0.0,0.0,45.57,0.79,1718,1718,19,1.0,1.0,0.0,16.4,5.0,8.0,40.0,8.0,26.70585716778021,2.2,1.0,1.0,1.0,1185,AllSpecificPStartGroup,0,0,0,0,0,0,0,0,GAGACGGTGTGGCAACTCGCTGTTGG,0
2693,AAGCCGGCCTCAGTTCGG,1206,18,0,66.67,56.645,22.85,0.0,44.34,5.355,1718,1718,20,1.0,1.0,0.0,20.3,6.0,10.0,56.0,10.0,39.385532582590365,0.12,1.0,1.0,1.0,1223,AllSpecificPStartGroup,0,0,0,0,0,0,0,0,TTACCGAACTGAGGCCGGCTTATT,0
1579,GCAGATCAGCAACGCTGCG,1271,19,0,63.16,57.176,18.94,18.94,49.14,3.824,1718,1718,21,1.0,1.0,0.0,22.3,6.0,11.0,58.0,11.0,45.60673775671933,0.032,1.0,1.0,1.0,1289,AllSpecificPStartGroup,0,0,0,0,0,0,0,0,GTGCGCAGCGTTGCTGATCTGCCTA,0
